name,description,end_date,notes
Gowthaman1,Lorem Ipsum1,20/01/19,Lorem Ipsum is simply
glyphicon glyphicon-file1,Lorem Ipsum2,21/01/19,Lorem Ipsum is simply
glyphicon glyphicon-file2,Lorem Ipsum3,22/01/19,Lorem Ipsum is simply
glyphicon glyphicon-file3,Lorem Ipsum4,23/01/19,Lorem Ipsum is simply
glyphicon glyphicon-file4,Lorem Ipsum5,24/01/19,Lorem Ipsum is simply
glyphicon glyphicon-file5,Lorem Ipsum6,25/01/19,Lorem Ipsum is simply
glyphicon glyphicon-file6,Lorem Ipsum7,26/01/19,Lorem Ipsum is simply
glyphicon glyphicon-file7,Lorem Ipsum8,27/01/19,Lorem Ipsum is simply
glyphicon glyphicon-file8,Lorem Ipsum9,28/01/19,Lorem Ipsum is simply
glyphicon glyphicon-file9,Lorem Ipsum10,29/01/19,Lorem Ipsum is simply
glyphicon glyphicon-file10,Lorem Ipsum11,30/01/19,Lorem Ipsum is simply
